{
	"Path found": [
		"129747",
		"104668",
		"102416",
		"213247",
		"102424",
		"102444",
		"213248",
		"102414",
		"102413",
		"102412",
		"106906",
		"106907",
		"106861",
		"106860",
		"106859",
		"107178",
		"102592",
		"102591",
		"194018",
		"107290",
		"194030",
		"194029",
		"194037",
		"194038",
		"107672"
	],
	"Total distance": 1015.7,
	"lati,longi": [
		[
			37.50475040179612,
			127.02481378642129
		],
		[
			37.50478590385943,
			127.02467303784749
		],
		[
			37.5046510800046,
			127.02415155582423
		],
		[
			37.50460917211798,
			127.02412266655556
		],
		[
			37.504543364958614,
			127.02407161418773
		],
		[
			37.504274012703654,
			127.02418831435145
		],
		[
			37.50425212803751,
			127.02426761995866
		],
		[
			37.50422990668363,
			127.02435425999116
		],
		[
			37.50369609450134,
			127.02460609793366
		],
		[
			37.5026847864391,
			127.0250913423211
		],
		[
			37.50253296873408,
			127.0251589032658
		],
		[
			37.50241064011849,
			127.02471631330673
		],
		[
			37.50243032572134,
			127.02424303819545
		],
		[
			37.502827152663805,
			127.02335191721203
		],
		[
			37.502699824017434,
			127.02340104984698
		],
		[
			37.50245024099545,
			127.0225896318477
		],
		[
			37.50221533395787,
			127.0218273954858
		],
		[
			37.5017990613311,
			127.02203010757107
		],
		[
			37.501539502426105,
			127.0221591065781
		],
		[
			37.50122117845712,
			127.02230038005534
		],
		[
			37.500912644563925,
			127.02246009443354
		],
		[
			37.49991358823846,
			127.02293920721507
		],
		[
			37.49980829567853,
			127.02298834539994
		],
		[
			37.49927449084337,
			127.02321559321373
		]
	]
}